{"stats":{"minecraft:custom":{"minecraft:jump":36,"minecraft:time_since_rest":375,"minecraft:deaths":1,"minecraft:damage_absorbed":60,"minecraft:damage_taken":200,"minecraft:walk_on_water_one_cm":465,"minecraft:leave_game":3,"minecraft:play_time":8651,"minecraft:sprint_one_cm":23924,"minecraft:time_since_death":642,"minecraft:walk_one_cm":2777,"minecraft:sneak_time":88,"minecraft:total_world_time":8651,"minecraft:walk_under_water_one_cm":235,"minecraft:swim_one_cm":1361,"minecraft:fall_one_cm":627,"minecraft:fly_one_cm":6647},"minecraft:mined":{"minecraft:oak_log":1},"minecraft:picked_up":{"minecraft:oak_log":1}},"DataVersion":3465}